candidate_id,rank,score,reasoning
CAND_0018499,1,0.8103,"Senior Machine Learning Engineer at Zomato (7.2y exp, Noida, Uttar Pradesh). Evidence for: embeddings_retrieval_production, vector_db_hybrid_search, strong_python, eval_frameworks_ranking. Response rate 0.61, recently active. Based in a preferred city. Education: NIT Surathkal M.S. (Data Science)."
CAND_0046064,2,0.7641,"Senior NLP Engineer at Salesforce (8.9y exp, Coimbatore, Tamil Nadu). Evidence for: embeddings_retrieval_production, vector_db_hybrid_search, strong_python, eval_frameworks_ranking. Response rate 0.78, recently active. Education: BITS Pilani B.Tech (Artificial Intelligence)."
CAND_0077337,3,0.7620,"Staff Machine Learning Engineer at Paytm (7.0y exp, Kochi, Kerala). Evidence for: embeddings_retrieval_production, vector_db_hybrid_search, strong_python, eval_frameworks_ranking. Response rate 0.95, recently active. Education: Georgia Tech B.Tech (Computer Engineering)."
CAND_0008425,4,0.7610,"Senior NLP Engineer at Ola (7.8y exp, Kolkata, West Bengal). Evidence for: embeddings_retrieval_production, vector_db_hybrid_search, strong_python, eval_frameworks_ranking. Response rate 0.66, recently active. Education: BITS Pilani M.S. (Computer Engineering)."
CAND_0006567,5,0.7605,"Senior AI Engineer at Meta (7.9y exp, Noida, Uttar Pradesh). Evidence for: embeddings_retrieval_production, vector_db_hybrid_search, strong_python, eval_frameworks_ranking. Response rate 0.79, recently active. Based in a preferred city. Education: IIT Bombay B.Sc (Machine Learning)."
CAND_0081846,6,0.7604,"Lead AI Engineer at Razorpay (6.7y exp, Jaipur, Rajasthan). Evidence for: embeddings_retrieval_production, vector_db_hybrid_search, strong_python, eval_frameworks_ranking. Response rate 0.73, recently active. Education: IIT Delhi Ph.D (Computer Engineering)."
CAND_0045250,7,0.7592,"Applied ML Engineer at Rephrase.ai (6.6y exp, Delhi, Delhi). Evidence for: embeddings_retrieval_production, vector_db_hybrid_search, strong_python, eval_frameworks_ranking. Response rate 0.74, recently active. Based in a preferred city. Education: Symbiosis International Ph.D (Artificial Intelligence)."
CAND_0096142,8,0.7586,"Applied ML Engineer at upGrad (5.0y exp, Hyderabad, Telangana). Evidence for: embeddings_retrieval_production, vector_db_hybrid_search, strong_python, eval_frameworks_ranking. Response rate 0.84, recently active. Based in a preferred city. Education: IIIT Bangalore M.Tech (Machine Learning)."
CAND_0080766,9,0.7569,"Staff Machine Learning Engineer at Salesforce (8.8y exp, Coimbatore, Tamil Nadu). Evidence for: embeddings_retrieval_production, vector_db_hybrid_search, strong_python, eval_frameworks_ranking. Response rate 0.66, recently active. Education: NIT Surathkal M.E. (Computer Science)."
CAND_0046525,10,0.7567,"Senior Machine Learning Engineer at Genpact AI (6.1y exp, Pune, Maharashtra). Evidence for: embeddings_retrieval_production, vector_db_hybrid_search, strong_python, eval_frameworks_ranking. Response rate 0.88, recently active. Based in a preferred city. Education: IIT Hyderabad M.Sc (Information Technology)."
CAND_0011687,11,0.7557,"Senior NLP Engineer at Niramai (7.8y exp, Indore, Madhya Pradesh). Evidence for: embeddings_retrieval_production, vector_db_hybrid_search, strong_python, eval_frameworks_ranking. Response rate 0.89, recently active. Education: IIT Delhi Ph.D (Artificial Intelligence)."
CAND_0064326,12,0.7557,"Search Engineer at Sarvam AI (7.6y exp, Gurgaon, Haryana). Evidence for: embeddings_retrieval_production, vector_db_hybrid_search, strong_python, eval_frameworks_ranking. Response rate 0.94, recently active. Based in a preferred city. Education: COEP Pune B.Tech (Computer Science)."
CAND_0005260,13,0.7544,"Senior NLP Engineer at Netflix (5.2y exp, Chennai, Tamil Nadu). Evidence for: embeddings_retrieval_production, vector_db_hybrid_search, strong_python, eval_frameworks_ranking. Response rate 0.86, recently active. Education: IIIT Bangalore B.Tech (Artificial Intelligence)."
CAND_0002025,14,0.7538,"Senior AI Engineer at Apple (5.9y exp, Trivandrum, Kerala). Evidence for: embeddings_retrieval_production, vector_db_hybrid_search, strong_python, eval_frameworks_ranking. Response rate 0.8, recently active. Education: IIIT Bangalore M.S. (Data Science)."
CAND_0071974,15,0.7533,"Senior AI Engineer at Netflix (7.8y exp, Vizag, Andhra Pradesh). Evidence for: embeddings_retrieval_production, vector_db_hybrid_search, strong_python, eval_frameworks_ranking. Response rate 0.76, recently active. Education: NIT Warangal M.Sc (Artificial Intelligence)."
CAND_0006418,16,0.7454,"Machine Learning Engineer at Verloop.io (5.7y exp, Gurgaon, Haryana). Evidence for: embeddings_retrieval_production, vector_db_hybrid_search, strong_python, eval_frameworks_ranking. Response rate 0.92, recently active. Based in a preferred city. Education: Stanford University M.S. (Data Science)."
CAND_0033861,17,0.7452,"Senior NLP Engineer at Mad Street Den (8.0y exp, Vizag, Andhra Pradesh). Evidence for: embeddings_retrieval_production, vector_db_hybrid_search, strong_python, eval_frameworks_ranking. Response rate 0.16, recently active. Education: Thapar University B.E. (Artificial Intelligence)."
CAND_0052328,18,0.7445,"Recommendation Systems Engineer at Amazon (6.5y exp, Pune, Maharashtra). Evidence for: embeddings_retrieval_production, vector_db_hybrid_search, strong_python, eval_frameworks_ranking. Response rate 0.79, recently active. Based in a preferred city. Education: Stanford University M.Tech (Computer Science)."
CAND_0011162,19,0.7438,"Recommendation Systems Engineer at upGrad (5.8y exp, Coimbatore, Tamil Nadu). Evidence for: embeddings_retrieval_production, vector_db_hybrid_search, strong_python, eval_frameworks_ranking. Response rate 0.75, recently active. Education: PES University M.S. (Artificial Intelligence)."
CAND_0005649,20,0.7421,"Senior Data Scientist at Sarvam AI (7.4y exp, Delhi, Delhi). Evidence for: embeddings_retrieval_production, vector_db_hybrid_search, strong_python, eval_frameworks_ranking. Response rate 0.57, recently active. Based in a preferred city. Education: RV College of Engineering Ph.D (Information Technology)."
CAND_0079284,21,0.7416,"Machine Learning Engineer at Google (4.9y exp, Hyderabad, Telangana). Evidence for: embeddings_retrieval_production, vector_db_hybrid_search, strong_python, eval_frameworks_ranking. Response rate 0.79, recently active. Based in a preferred city. Education: IIT Roorkee M.S. (Computer Science)."
CAND_0000031,22,0.7294,"Recommendation Systems Engineer at Swiggy (6.0y exp, Hyderabad, Telangana). Evidence for: embeddings_retrieval_production, vector_db_hybrid_search, strong_python, eval_frameworks_ranking. Response rate 0.91, recently active. Based in a preferred city. Education: SRM University M.Tech (Computer Engineering)."
CAND_0017960,23,0.7292,"Recommendation Systems Engineer at Nykaa (7.7y exp, Bangalore, Karnataka). Evidence for: embeddings_retrieval_production, vector_db_hybrid_search, strong_python, eval_frameworks_ranking. Response rate 0.72, recently active. Education: IIT Delhi B.Sc (Information Technology)."
CAND_0028793,24,0.7287,"Search Engineer at Google (7.2y exp, Trivandrum, Kerala). Evidence for: embeddings_retrieval_production, vector_db_hybrid_search, strong_python, eval_frameworks_ranking. Response rate 0.57, recently active. Education: Massachusetts Institute of Technology B.Sc (Computer Engineering)."
CAND_0044855,25,0.7268,"Senior Data Scientist at Flipkart (6.6y exp, Coimbatore, Tamil Nadu). Evidence for: embeddings_retrieval_production, vector_db_hybrid_search, strong_python, eval_frameworks_ranking. Response rate 0.57, recently active. Education: RV College of Engineering B.E. (Machine Learning)."
CAND_0068811,26,0.7263,"Applied ML Engineer at Freshworks (8.0y exp, Pune, Maharashtra). Evidence for: embeddings_retrieval_production, vector_db_hybrid_search, strong_python, eval_frameworks_ranking. Response rate 0.42, recently active. Based in a preferred city. Education: Thapar University Ph.D (Artificial Intelligence)."
CAND_0087630,27,0.7263,"AI Engineer at Vedantu (7.2y exp, Gurgaon, Haryana). Evidence for: embeddings_retrieval_production, vector_db_hybrid_search, strong_python, eval_frameworks_ranking. Response rate 0.45, recently active. Based in a preferred city. Education: COEP Pune B.E. (Data Science)."
CAND_0007009,28,0.7259,"Recommendation Systems Engineer at Wysa (7.9y exp, Noida, Uttar Pradesh). Evidence for: embeddings_retrieval_production, vector_db_hybrid_search, strong_python, eval_frameworks_ranking. Response rate 0.62, recently active. Based in a preferred city. Education: Anna University M.Sc (Computer Science)."
CAND_0079387,29,0.7256,"AI Engineer at Microsoft (6.9y exp, Trivandrum, Kerala). Evidence for: embeddings_retrieval_production, vector_db_hybrid_search, strong_python, eval_frameworks_ranking. Response rate 0.81, recently active. Education: IIIT Hyderabad M.Sc (Computer Science)."
CAND_0030031,30,0.7252,"AI Engineer at Microsoft (5.7y exp, Trivandrum, Kerala). Evidence for: embeddings_retrieval_production, vector_db_hybrid_search, strong_python, eval_frameworks_ranking. Response rate 0.94, recently active. Education: IIT Bombay B.Sc (Data Science)."
CAND_0010257,31,0.7247,"Senior Data Scientist at Google (6.5y exp, Noida, Uttar Pradesh). Evidence for: embeddings_retrieval_production, vector_db_hybrid_search, strong_python, eval_frameworks_ranking. Response rate 0.72, recently active. Based in a preferred city. Education: COEP Pune Ph.D (Computer Science)."
CAND_0030468,32,0.7245,"Senior Applied Scientist at Swiggy (5.4y exp, Indore, Madhya Pradesh). Evidence for: embeddings_retrieval_production, vector_db_hybrid_search, strong_python, eval_frameworks_ranking. Response rate 0.78, recently active. Education: IIT Delhi M.Tech (Machine Learning)."
CAND_0018549,33,0.7240,"Recommendation Systems Engineer at Uber (6.8y exp, Coimbatore, Tamil Nadu). Evidence for: embeddings_retrieval_production, vector_db_hybrid_search, strong_python, eval_frameworks_ranking. Response rate 0.73, recently active. Education: Stanford University M.Tech (Data Science)."
CAND_0086022,34,0.7234,"Senior Applied Scientist at Sarvam AI (5.3y exp, Kolkata, West Bengal). Evidence for: embeddings_retrieval_production, vector_db_hybrid_search, strong_python, eval_frameworks_ranking. Response rate 0.55, recently active. Education: Stanford University B.Tech (Data Science)."
CAND_0070398,35,0.7225,"Machine Learning Engineer at Genpact AI (7.2y exp, Kochi, Kerala). Evidence for: embeddings_retrieval_production, vector_db_hybrid_search, strong_python, eval_frameworks_ranking. Response rate 0.6, recently active. Education: IIT Kharagpur M.Sc (Computer Engineering)."
CAND_0081852,36,0.7224,"Senior Data Scientist at Mad Street Den (5.9y exp, Delhi, Delhi). Evidence for: embeddings_retrieval_production, vector_db_hybrid_search, strong_python, eval_frameworks_ranking. Response rate 0.44, recently active. Based in a preferred city. Education: Manipal Institute of Technology M.Sc (Data Science)."
CAND_0041610,37,0.7222,"Recommendation Systems Engineer at Zoho (6.7y exp, Indore, Madhya Pradesh). Evidence for: embeddings_retrieval_production, vector_db_hybrid_search, strong_python, eval_frameworks_ranking. Response rate 0.52, recently active. Education: Lovely Professional University M.Tech (Computer Science)."
CAND_0081053,38,0.7220,"NLP Engineer at Glance (5.4y exp, Chandigarh, Chandigarh). Evidence for: embeddings_retrieval_production, vector_db_hybrid_search, strong_python, eval_frameworks_ranking. Response rate 0.83, recently active. Education: IIT Madras B.Tech (Information Technology)."
CAND_0094759,39,0.7214,"Lead AI Engineer at Meta (8.6y exp, Mumbai, Maharashtra). Evidence for: embeddings_retrieval_production, vector_db_hybrid_search, strong_python, eval_frameworks_ranking. Response rate 0.11, recently active. Based in a preferred city. Education: Manipal Institute of Technology M.Tech (Information Technology)."
CAND_0088025,40,0.7213,"Staff Machine Learning Engineer at Yellow.ai (8.6y exp, Jaipur, Rajasthan). Evidence for: embeddings_retrieval_production, vector_db_hybrid_search, strong_python, eval_frameworks_ranking. Response rate 0.83, recently active. Education: COEP Pune Ph.D (Data Science)."
CAND_0091909,41,0.7206,"Machine Learning Engineer at Rephrase.ai (6.9y exp, Bangalore, Karnataka). Evidence for: embeddings_retrieval_production, vector_db_hybrid_search, strong_python, eval_frameworks_ranking. Response rate 0.65, recently active. Education: IIIT Bangalore M.E. (Information Technology)."
CAND_0074225,42,0.7190,"Machine Learning Engineer at Unacademy (4.3y exp, Vizag, Andhra Pradesh). Evidence for: embeddings_retrieval_production, vector_db_hybrid_search, strong_python, eval_frameworks_ranking. Response rate 0.91, recently active. Education: Thapar University M.S. (Computer Engineering)."
CAND_0068351,43,0.7178,"Lead AI Engineer at Sarvam AI (6.4y exp, Delhi, Delhi). Evidence for: embeddings_retrieval_production, vector_db_hybrid_search, strong_python, eval_frameworks_ranking. Response rate 0.86, recently active. Based in a preferred city. Education: IIIT Bangalore M.E. (Computer Science)."
CAND_0065195,44,0.7170,"Search Engineer at CRED (5.1y exp, Kolkata, West Bengal). Evidence for: embeddings_retrieval_production, vector_db_hybrid_search, strong_python, eval_frameworks_ranking. Response rate 0.8, recently active. Education: IIT Bombay M.Sc (Artificial Intelligence)."
CAND_0069905,45,0.7160,"Applied ML Engineer at Sarvam AI (6.6y exp, Bhubaneswar, Odisha). Evidence for: embeddings_retrieval_production, vector_db_hybrid_search, strong_python, eval_frameworks_ranking. Response rate 0.78, recently active. Education: PES University M.E. (Computer Engineering)."
CAND_0061257,46,0.7153,"Staff Machine Learning Engineer at LinkedIn (8.0y exp, Noida, Uttar Pradesh). Evidence for: embeddings_retrieval_production, vector_db_hybrid_search, strong_python, eval_frameworks_ranking. Response rate 0.87, recently active. Based in a preferred city. Education: VJTI Mumbai M.S. (Computer Science)."
CAND_0044222,47,0.7145,"AI Engineer at PolicyBazaar (7.7y exp, Vizag, Andhra Pradesh). Evidence for: embeddings_retrieval_production, vector_db_hybrid_search, strong_python, eval_frameworks_ranking. Response rate 0.6, recently active. Education: IISc Bangalore M.Sc (Machine Learning)."
CAND_0042029,48,0.7135,"Senior Data Scientist at Flipkart (6.5y exp, Delhi, Delhi). Evidence for: embeddings_retrieval_production, vector_db_hybrid_search, strong_python, eval_frameworks_ranking. Response rate 0.67, recently active. Based in a preferred city. Education: PES University B.E. (Computer Science)."
CAND_0015578,49,0.7126,"AI Engineer at Zoho (5.4y exp, Delhi, Delhi). Evidence for: embeddings_retrieval_production, vector_db_hybrid_search, strong_python, eval_frameworks_ranking. Response rate 0.65, recently active. Based in a preferred city. Education: NIT Surathkal Ph.D (Machine Learning)."
CAND_0092278,50,0.7088,"Senior NLP Engineer at Microsoft (6.8y exp, Pune, Maharashtra). Evidence for: embeddings_retrieval_production, vector_db_hybrid_search, strong_python, eval_frameworks_ranking. Inactive 236d - availability risk. Based in a preferred city. Education: IIT Delhi B.E. (Computer Science)."
CAND_0037980,51,0.7077,"Senior Applied Scientist at Niramai (9.0y exp, Kolkata, West Bengal). Evidence for: embeddings_retrieval_production, vector_db_hybrid_search, strong_python, eval_frameworks_ranking. Response rate 0.63, recently active. Education: BITS Pilani B.E. (Machine Learning)."
CAND_0007412,52,0.7069,"Applied ML Engineer at Zoho (7.4y exp, Noida, Uttar Pradesh). Evidence for: embeddings_retrieval_production, vector_db_hybrid_search, strong_python, eval_frameworks_ranking. Response rate 0.76, recently active. Based in a preferred city. Education: IIT Hyderabad M.Tech (Computer Science)."
CAND_0042506,53,0.7063,"Search Engineer at Verloop.io (4.2y exp, Mumbai, Maharashtra). Evidence for: embeddings_retrieval_production, vector_db_hybrid_search, strong_python, eval_frameworks_ranking. Response rate 0.48, recently active. Based in a preferred city. Education: Amity University B.Tech (Machine Learning)."
CAND_0051004,54,0.7055,"Senior Data Scientist at CRED (4.7y exp, Delhi, Delhi). Evidence for: embeddings_retrieval_production, vector_db_hybrid_search, strong_python, eval_frameworks_ranking. Response rate 0.41, recently active. Based in a preferred city. Education: IIT Kanpur B.Sc (Data Science)."
CAND_0007411,55,0.7021,"Senior Machine Learning Engineer at Amazon (8.0y exp, Kochi, Kerala). Evidence for: embeddings_retrieval_production, vector_db_hybrid_search, strong_python, eval_frameworks_ranking. Inactive 211d - availability risk. Education: IIT Roorkee B.Tech (Information Technology)."
CAND_0020877,56,0.6997,"Applied ML Engineer at CRED (5.1y exp, Gurgaon, Haryana). Evidence for: embeddings_retrieval_production, vector_db_hybrid_search, strong_python, eval_frameworks_ranking. Response rate 0.66, recently active. Based in a preferred city. Education: Delhi College of Engineering B.E. (Computer Science)."
CAND_0076831,57,0.6992,"Search Engineer at Krutrim (4.0y exp, Delhi, Delhi). Evidence for: embeddings_retrieval_production, vector_db_hybrid_search, strong_python, eval_frameworks_ranking. Response rate 0.5, recently active. Based in a preferred city. Education: Stanford University Ph.D (Data Science)."
CAND_0005538,58,0.6991,"Senior AI Engineer at Adobe (5.9y exp, Kolkata, West Bengal). Evidence for: embeddings_retrieval_production, vector_db_hybrid_search, strong_python, eval_frameworks_ranking. Response rate 0.81, recently active. Education: SRM University B.Tech (Data Science)."
CAND_0060054,59,0.6963,"AI Engineer at Mad Street Den (6.4y exp, Jaipur, Rajasthan). Evidence for: embeddings_retrieval_production, vector_db_hybrid_search, strong_python, eval_frameworks_ranking. Response rate 0.86, recently active. Education: RV College of Engineering Ph.D (Data Science)."
CAND_0049896,60,0.6962,"Search Engineer at Unacademy (7.3y exp, Vizag, Andhra Pradesh). Evidence for: embeddings_retrieval_production, vector_db_hybrid_search, strong_python, eval_frameworks_ranking. Response rate 0.43, recently active. Education: Chandigarh University M.E. (Information Technology)."
CAND_0098846,61,0.6931,"AI Engineer at upGrad (7.6y exp, Indore, Madhya Pradesh). Evidence for: embeddings_retrieval_production, vector_db_hybrid_search, strong_python, eval_frameworks_ranking. Response rate 0.62, recently active. Education: IIT Kanpur Ph.D (Machine Learning)."
CAND_0077285,62,0.6921,"Recommendation Systems Engineer at Nykaa (5.5y exp, Ahmedabad, Gujarat). Evidence for: embeddings_retrieval_production, vector_db_hybrid_search, strong_python, eval_frameworks_ranking. Response rate 0.56, recently active. Education: PES University Ph.D (Computer Science)."
CAND_0037944,63,0.6914,"Senior Data Scientist at Vedantu (4.9y exp, Jaipur, Rajasthan). Evidence for: embeddings_retrieval_production, vector_db_hybrid_search, strong_python, eval_frameworks_ranking. Response rate 0.42, recently active. Education: IISc Bangalore M.E. (Artificial Intelligence)."
CAND_0037566,64,0.6907,"Machine Learning Engineer at LinkedIn (6.9y exp, Bangalore, Karnataka). Evidence for: embeddings_retrieval_production, vector_db_hybrid_search, strong_python, eval_frameworks_ranking. Response rate 0.5, recently active. Education: Jadavpur University B.Tech (Information Technology)."
CAND_0070202,65,0.6894,"Machine Learning Engineer at BYJU'S (5.1y exp, Jaipur, Rajasthan). Evidence for: embeddings_retrieval_production, vector_db_hybrid_search, strong_python, eval_frameworks_ranking. Response rate 0.6, recently active. Education: IIT Hyderabad B.Sc (Data Science)."
CAND_0011432,66,0.6891,"Senior Data Scientist at Amazon (7.6y exp, Chennai, Tamil Nadu). Evidence for: embeddings_retrieval_production, vector_db_hybrid_search, strong_python, eval_frameworks_ranking. Response rate 0.67, recently active. Education: Bharati Vidyapeeth M.Sc (Data Science)."
CAND_0089552,67,0.6890,"Machine Learning Engineer at Netflix (6.0y exp, Kolkata, West Bengal). Evidence for: embeddings_retrieval_production, vector_db_hybrid_search, strong_python, eval_frameworks_ranking. Response rate 0.49, recently active. Education: RV College of Engineering B.E. (Data Science)."
CAND_0041669,68,0.6870,"Recommendation Systems Engineer at CRED (8.0y exp, Noida, Uttar Pradesh). Evidence for: embeddings_retrieval_production, vector_db_hybrid_search, strong_python, eval_frameworks_ranking. Response rate 0.77, recently active. Based in a preferred city. Education: IIT Guwahati B.E. (Computer Engineering)."
CAND_0006557,69,0.6859,"NLP Engineer at Paytm (7.9y exp, Jaipur, Rajasthan). Evidence for: embeddings_retrieval_production, vector_db_hybrid_search, strong_python, eval_frameworks_ranking. Response rate 0.63, recently active. Education: RV College of Engineering B.Sc (Artificial Intelligence)."
CAND_0057563,70,0.6855,"NLP Engineer at Locobuzz (6.8y exp, Indore, Madhya Pradesh). Evidence for: embeddings_retrieval_production, vector_db_hybrid_search, strong_python, eval_frameworks_ranking. Response rate 0.83, recently active. Education: Amity University B.E. (Information Technology)."
CAND_0026532,71,0.6832,"Recommendation Systems Engineer at Zomato (4.8y exp, Chennai, Tamil Nadu). Evidence for: embeddings_retrieval_production, vector_db_hybrid_search, strong_python, eval_frameworks_ranking. Response rate 0.52, recently active. Education: Christ University M.S. (Data Science)."
CAND_0078002,72,0.6818,"Machine Learning Engineer at Meta (6.3y exp, Coimbatore, Tamil Nadu). Evidence for: embeddings_retrieval_production, vector_db_hybrid_search, strong_python, eval_frameworks_ranking. Response rate 0.86, recently active. Education: IIT Guwahati B.E. (Machine Learning)."
CAND_0075574,73,0.6807,"Machine Learning Engineer at Haptik (5.7y exp, Bangalore, Karnataka). Evidence for: embeddings_retrieval_production, vector_db_hybrid_search, strong_python, eval_frameworks_ranking. Response rate 0.58, recently active. Education: Carnegie Mellon University M.S. (Computer Science)."
CAND_0054123,74,0.6793,"Applied ML Engineer at Meta (4.7y exp, Gurgaon, Haryana). Evidence for: embeddings_retrieval_production, vector_db_hybrid_search, strong_python, eval_frameworks_ranking. Response rate 0.87, recently active. Based in a preferred city. Education: Stanford University M.Tech (Data Science)."
CAND_0052682,75,0.6783,"NLP Engineer at Aganitha (6.6y exp, Vizag, Andhra Pradesh). Evidence for: embeddings_retrieval_production, vector_db_hybrid_search, strong_python, eval_frameworks_ranking. Response rate 0.88, recently active. Education: NIT Warangal M.E. (Information Technology)."
CAND_0083879,76,0.6780,"Machine Learning Engineer at Ola (7.1y exp, Noida, Uttar Pradesh). Evidence for: vector_db_hybrid_search, strong_python, eval_frameworks_ranking. Weak/no evidence for: embeddings_retrieval_production. Response rate 0.47, recently active. Based in a preferred city. Education: NIT Surathkal B.Sc (Information Technology)."
CAND_0086151,77,0.6759,"Recommendation Systems Engineer at Wysa (7.7y exp, Vizag, Andhra Pradesh). Evidence for: embeddings_retrieval_production, vector_db_hybrid_search, strong_python, eval_frameworks_ranking. Response rate 0.52, recently active. Education: Symbiosis International Ph.D (Data Science)."
CAND_0009837,78,0.6758,"Senior Data Scientist at Rephrase.ai (4.3y exp, Noida, Uttar Pradesh). Evidence for: embeddings_retrieval_production, vector_db_hybrid_search, strong_python, eval_frameworks_ranking. Response rate 0.53, recently active. Based in a preferred city. Education: Carnegie Mellon University Ph.D (Machine Learning)."
CAND_0092245,79,0.6744,"Senior Data Scientist at Ola (4.1y exp, Coimbatore, Tamil Nadu). Evidence for: embeddings_retrieval_production, vector_db_hybrid_search, strong_python, eval_frameworks_ranking. Response rate 0.5, recently active. Education: IIT Delhi B.Sc (Information Technology)."
CAND_0053695,80,0.6726,"Recommendation Systems Engineer at Meesho (5.8y exp, Bhubaneswar, Odisha). Evidence for: embeddings_retrieval_production, vector_db_hybrid_search, strong_python, eval_frameworks_ranking. Response rate 0.6, recently active. Education: RV College of Engineering M.E. (Machine Learning)."
CAND_0083307,81,0.6712,"Search Engineer at CRED (7.8y exp, Vizag, Andhra Pradesh). Evidence for: embeddings_retrieval_production, vector_db_hybrid_search, strong_python, eval_frameworks_ranking. Response rate 0.7, recently active. Education: VIT Chennai Ph.D (Computer Engineering)."
CAND_0027691,82,0.6708,"NLP Engineer at Haptik (6.5y exp, Pune, Maharashtra). Evidence for: embeddings_retrieval_production, vector_db_hybrid_search, strong_python. Weak/no evidence for: eval_frameworks_ranking. Response rate 0.68, recently active. Based in a preferred city. Education: KIIT University M.E. (Data Science)."
CAND_0040117,83,0.6695,"Recommendation Systems Engineer at PhonePe (6.5y exp, Vizag, Andhra Pradesh). Evidence for: embeddings_retrieval_production, vector_db_hybrid_search, strong_python, eval_frameworks_ranking. Response rate 0.66, recently active. Education: IIT Roorkee Ph.D (Computer Science)."
CAND_0095528,84,0.6684,"Senior Data Scientist at Netflix (5.3y exp, Indore, Madhya Pradesh). Evidence for: embeddings_retrieval_production, vector_db_hybrid_search, strong_python, eval_frameworks_ranking. Response rate 0.55, recently active. Education: IIIT Bangalore B.Sc (Computer Science)."
CAND_0030953,85,0.6678,"Search Engineer at Nykaa (7.8y exp, Chennai, Tamil Nadu). Evidence for: embeddings_retrieval_production, vector_db_hybrid_search, strong_python, eval_frameworks_ranking. Response rate 0.63, recently active. Education: Georgia Tech M.Sc (Data Science)."
CAND_0074735,86,0.6675,"Applied ML Engineer at Rephrase.ai (5.5y exp, Chandigarh, Chandigarh). Evidence for: embeddings_retrieval_production, vector_db_hybrid_search, strong_python, eval_frameworks_ranking. Response rate 0.77, recently active. Education: Bharati Vidyapeeth M.Tech (Information Technology)."
CAND_0061265,87,0.6656,"Recommendation Systems Engineer at Zoho (6.6y exp, Delhi, Delhi). Evidence for: embeddings_retrieval_production, vector_db_hybrid_search, strong_python. Weak/no evidence for: eval_frameworks_ranking. Response rate 0.94, recently active. Based in a preferred city. Education: IIT Madras B.E. (Data Science)."
CAND_0058575,88,0.6654,"AI Engineer at Krutrim (5.8y exp, Chennai, Tamil Nadu). Evidence for: embeddings_retrieval_production, vector_db_hybrid_search, strong_python, eval_frameworks_ranking. Response rate 0.69, recently active. Education: Anna University M.Tech (Computer Engineering)."
CAND_0076251,89,0.6651,"Search Engineer at Haptik (7.6y exp, Bhubaneswar, Odisha). Evidence for: embeddings_retrieval_production, vector_db_hybrid_search, strong_python. Weak/no evidence for: eval_frameworks_ranking. Response rate 0.51, recently active. Education: Jadavpur University B.E. (Data Science)."
CAND_0051292,90,0.6637,"Applied ML Engineer at Freshworks (5.2y exp, Trivandrum, Kerala). Evidence for: embeddings_retrieval_production, vector_db_hybrid_search, strong_python, eval_frameworks_ranking. Response rate 0.52, recently active. Education: Manipal Institute of Technology B.Sc (Computer Science)."
CAND_0096172,91,0.6623,"NLP Engineer at Krutrim (5.2y exp, Chennai, Tamil Nadu). Evidence for: embeddings_retrieval_production, vector_db_hybrid_search, strong_python, eval_frameworks_ranking. Response rate 0.47, recently active. Education: IIT Kanpur M.Sc (Information Technology)."
CAND_0027801,92,0.6616,"NLP Engineer at InMobi (7.4y exp, Hyderabad, Telangana). Evidence for: embeddings_retrieval_production, vector_db_hybrid_search, strong_python. Weak/no evidence for: eval_frameworks_ranking. Response rate 0.65, recently active. Based in a preferred city. Education: Manipal Institute of Technology M.Tech (Computer Science)."
CAND_0084819,93,0.6610,"Search Engineer at Dream11 (4.5y exp, Indore, Madhya Pradesh). Evidence for: embeddings_retrieval_production, vector_db_hybrid_search, strong_python, eval_frameworks_ranking. Response rate 0.74, recently active. Education: Christ University M.S. (Information Technology)."
CAND_0030348,94,0.6608,"Machine Learning Engineer at BYJU'S (4.5y exp, Noida, Uttar Pradesh). Evidence for: embeddings_retrieval_production, vector_db_hybrid_search, strong_python, eval_frameworks_ranking. Response rate 0.54, recently active. Based in a preferred city. Education: Jadavpur University B.E. (Information Technology)."
CAND_0099401,95,0.6603,"NLP Engineer at Dream11 (7.7y exp, Ahmedabad, Gujarat). Evidence for: embeddings_retrieval_production, vector_db_hybrid_search, strong_python, eval_frameworks_ranking. Response rate 0.42, recently active. Education: Carnegie Mellon University B.Tech (Computer Science)."
CAND_0009024,96,0.6564,"Search Engineer at Google (5.2y exp, Chennai, Tamil Nadu). Evidence for: embeddings_retrieval_production, vector_db_hybrid_search, strong_python, eval_frameworks_ranking. Response rate 0.46, recently active. Education: Stanford University M.E. (Machine Learning)."
CAND_0066376,97,0.6560,"Applied ML Engineer at Dream11 (5.7y exp, Mumbai, Maharashtra). Evidence for: embeddings_retrieval_production, vector_db_hybrid_search, eval_frameworks_ranking. Weak/no evidence for: strong_python. Response rate 0.51, recently active. Based in a preferred city. Education: IIT Kharagpur M.Sc (Artificial Intelligence)."
CAND_0062247,98,0.6559,"AI Engineer at Google (7.3y exp, Kochi, Kerala). Evidence for: embeddings_retrieval_production, vector_db_hybrid_search, strong_python. Weak/no evidence for: eval_frameworks_ranking. Response rate 0.78, recently active. Education: IIT Bombay M.E. (Machine Learning)."
CAND_0029367,99,0.6548,"Senior Data Scientist at Rephrase.ai (5.7y exp, Bangalore, Karnataka). Evidence for: embeddings_retrieval_production, vector_db_hybrid_search, strong_python, eval_frameworks_ranking. Response rate 0.77, recently active. Education: SRM University B.Sc (Computer Engineering)."
CAND_0004402,100,0.6545,"AI Research Engineer at Yellow.ai (6.0y exp, Delhi, Delhi). Evidence for: embeddings_retrieval_production, vector_db_hybrid_search, strong_python. Weak/no evidence for: eval_frameworks_ranking. Response rate 0.83, recently active. Based in a preferred city. Education: IIT Madras B.Tech (Information Technology)."
